fit_time,score_time,test_acc,test_b_acc,test_recall,test_precision,test_roc_auc_micro,test_roc_auc_macro,test_f1,test_f1_micro,test_f1_macro,test_f1_weighted,test_fbeta,model
64.94988322257996,0.6494102478027344,0.8545454545454545,0.6388888888888888,0.9777777777777777,0.8627450980392157,0.8444444444444444,0.8444444444444444,0.9166666666666665,0.8545454545454545,0.6726190476190474,0.8279220779220777,0.9523809523809524,GBoost
64.72753310203552,0.6465537548065186,0.8181818181818182,0.6166666666666667,0.9333333333333333,0.8571428571428571,0.7644444444444444,0.7644444444444444,0.8936170212765957,0.8181818181818182,0.6343085106382979,0.7993230174081237,0.9170305676855895,GBoost
62.48655128479004,0.9269263744354248,0.8518518518518519,0.6772727272727272,0.9545454545454546,0.875,0.8,0.8,0.9130434782608695,0.8518518518518519,0.7065217391304348,0.8365539452495974,0.9375,GBoost
