fit_time,score_time,test_acc,test_b_acc,test_recall,test_precision,test_roc_auc_micro,test_roc_auc_macro,test_f1,test_f1_micro,test_f1_macro,test_f1_weighted,test_fbeta,model
11.936144590377808,0.7192068099975586,0.8545454545454545,0.6,1.0,0.8490566037735849,0.7366666666666667,0.7366666666666667,0.9183673469387755,0.8545454545454545,0.6258503401360545,0.8119975262832407,0.9656652360515021,KNN
11.755351066589355,0.6956303119659424,0.8363636363636363,0.55,1.0,0.8333333333333334,0.5033333333333333,0.5033333333333333,0.9090909090909091,0.8363636363636363,0.5454545454545454,0.7768595041322314,0.9615384615384615,KNN
10.975326538085938,0.9552764892578125,0.8333333333333334,0.6272727272727273,0.9545454545454546,0.8571428571428571,0.634090909090909,0.634090909090909,0.9032258064516128,0.8333333333333334,0.6516129032258065,0.8100358422939067,0.9333333333333333,KNN
