fit_time,score_time,test_acc,test_b_acc,test_recall,test_precision,test_roc_auc_micro,test_roc_auc_macro,test_f1,test_f1_micro,test_f1_macro,test_f1_weighted,test_fbeta,model
15.748150110244751,0.6582908630371094,0.8363636363636363,0.55,1.0,0.8333333333333334,0.88,0.88,0.9090909090909091,0.8363636363636363,0.5454545454545454,0.7768595041322314,0.9615384615384615,LogReg
15.560097694396973,0.6543617248535156,0.8181818181818182,0.5388888888888889,0.9777777777777777,0.8301886792452831,0.7,0.7,0.8979591836734695,0.8181818181818182,0.5323129251700681,0.7649969078540508,0.9442060085836909,LogReg
14.959858894348145,0.9418118000030518,0.8703703703703703,0.7659090909090909,0.9318181818181818,0.9111111111111111,0.8295454545454546,0.8295454545454546,0.9213483146067416,0.8703703703703703,0.7764636309875813,0.8676873206737192,0.927601809954751,LogReg
