fit_time,score_time,test_acc,test_b_acc,test_recall,test_precision,test_roc_auc_micro,test_roc_auc_macro,test_f1,test_f1_micro,test_f1_macro,test_f1_weighted,test_fbeta,model
8.177291870117188,0.6561682224273682,0.8909090909090909,0.7,1.0,0.8823529411764706,0.8733333333333333,0.8733333333333333,0.9375,0.8909090909090909,0.7544642857142858,0.8709415584415584,0.9740259740259741,MLP
8.287526845932007,0.656064510345459,0.7818181818181819,0.5944444444444444,0.8888888888888888,0.851063829787234,0.6888888888888889,0.6888888888888889,0.8695652173913044,0.7818181818181819,0.6014492753623188,0.7720685111989462,0.8810572687224669,MLP
7.6033172607421875,0.9227433204650879,0.7592592592592593,0.6977272727272728,0.7954545454545454,0.8974358974358975,0.7386363636363636,0.7386363636363636,0.8433734939759037,0.7592592592592593,0.6616867469879518,0.7760821062025881,0.813953488372093,MLP
