fit_time,score_time,test_acc,test_b_acc,test_recall,test_precision,test_roc_auc_micro,test_roc_auc_macro,test_f1,test_f1_micro,test_f1_macro,test_f1_weighted,test_fbeta,model
11.288757801055908,0.7382211685180664,0.8545454545454545,0.6,1.0,0.8490566037735849,0.8322222222222222,0.8322222222222222,0.9183673469387755,0.8545454545454545,0.6258503401360545,0.8119975262832407,0.9656652360515021,RandomForest
11.912344455718994,0.7630212306976318,0.8363636363636363,0.6277777777777778,0.9555555555555556,0.86,0.7844444444444445,0.7844444444444445,0.9052631578947369,0.8363636363636363,0.6526315789473685,0.8133971291866029,0.9347826086956523,RandomForest
11.605713844299316,0.9854063987731934,0.8703703703703703,0.6886363636363637,0.9772727272727273,0.8775510204081632,0.8227272727272728,0.8227272727272728,0.9247311827956989,0.8703703703703703,0.7290322580645161,0.8522500995619275,0.9555555555555556,RandomForest
