precision,recall,f1,accuracy,model,auc
0.875,0.9402985074626866,0.9064748201438848,0.8414634146341463,rfc,0.744776119402985
