fit_time,score_time,test_acc,test_b_acc,test_recall,test_precision,test_roc_auc_micro,test_roc_auc_macro,test_f1,test_f1_micro,test_f1_macro,test_f1_weighted,test_fbeta,model
109.90697503089905,1.0554683208465576,0.8181818181818182,0.6166666666666667,0.9333333333333333,0.8571428571428571,0.7544444444444444,0.7544444444444444,0.8936170212765957,0.8181818181818182,0.6343085106382979,0.7993230174081237,0.9170305676855895,GBoost
108.05702590942383,0.8721725940704346,0.8,0.5666666666666667,0.9333333333333333,0.84,0.6355555555555555,0.6355555555555555,0.8842105263157894,0.8000000000000002,0.5754385964912281,0.7719298245614035,0.9130434782608697,GBoost
135.746728181839,1.4843857288360596,0.7222222222222222,0.5977272727272727,0.7954545454545454,0.8536585365853658,0.6727272727272728,0.6727272727272728,0.8235294117647058,0.7222222222222222,0.5856777493606138,0.735436203466894,0.8064516129032258,GBoost
