fit_time,score_time,test_acc,test_b_acc,test_recall,test_precision,test_roc_auc_micro,test_roc_auc_macro,test_f1,test_f1_micro,test_f1_macro,test_f1_weighted,test_fbeta,model
17.439010620117188,1.017653465270996,0.8181818181818182,0.5777777777777778,0.9555555555555556,0.8431372549019608,0.7511111111111111,0.7511111111111111,0.8958333333333333,0.8181818181818182,0.5907738095238095,0.7849025974025975,0.9307359307359309,KNN
16.518669843673706,0.882267951965332,0.8181818181818182,0.5388888888888889,0.9777777777777777,0.8301886792452831,0.6333333333333334,0.6333333333333334,0.8979591836734695,0.8181818181818182,0.5323129251700681,0.7649969078540508,0.9442060085836909,KNN
17.89436435699463,1.2795121669769287,0.7962962962962963,0.6045454545454545,0.9090909090909091,0.851063829787234,0.65,0.65,0.8791208791208791,0.7962962962962963,0.6160310277957337,0.7816801934448994,0.8968609865470852,KNN
