fit_time,score_time,test_acc,test_b_acc,test_recall,test_precision,test_roc_auc_micro,test_roc_auc_macro,test_f1,test_f1_micro,test_f1_macro,test_f1_weighted,test_fbeta,model
24.688421964645386,0.9203228950500488,0.8181818181818182,0.5,1.0,0.8181818181818182,0.67,0.67,0.9,0.8181818181818182,0.45,0.7363636363636363,0.9574468085106381,LogReg
23.018078804016113,0.834723711013794,0.8181818181818182,0.5,1.0,0.8181818181818182,0.7177777777777777,0.7177777777777777,0.9,0.8181818181818182,0.45,0.7363636363636363,0.9574468085106381,LogReg
25.75274920463562,1.4778249263763428,0.8148148148148148,0.5,1.0,0.8148148148148148,0.7295454545454546,0.7295454545454546,0.8979591836734693,0.8148148148148148,0.44897959183673464,0.7316704459561602,0.9565217391304346,LogReg
