fit_time,score_time,test_acc,test_b_acc,test_recall,test_precision,test_roc_auc_micro,test_roc_auc_macro,test_f1,test_f1_micro,test_f1_macro,test_f1_weighted,test_fbeta,model
15.258917570114136,1.1481914520263672,0.8181818181818182,0.6166666666666667,0.9333333333333333,0.8571428571428571,0.7377777777777778,0.7377777777777778,0.8936170212765957,0.8181818181818182,0.6343085106382979,0.7993230174081237,0.9170305676855895,MLP
10.79472017288208,0.8477628231048584,0.8363636363636363,0.6277777777777778,0.9555555555555556,0.86,0.6777777777777778,0.6777777777777778,0.9052631578947369,0.8363636363636363,0.6526315789473685,0.8133971291866029,0.9347826086956523,MLP
10.755129337310791,1.5394906997680664,0.8148148148148148,0.5386363636363637,0.9772727272727273,0.8269230769230769,0.6977272727272728,0.6977272727272728,0.8958333333333334,0.8148148148148148,0.53125,0.7608024691358025,0.9429824561403507,MLP
