fi,var
0.20604224550929867,crp___max
0.18903077066091886,ferritin_max
0.10274390450496826,ggt_max
0.07726058445563329,cholesterol_admission_mmol/L
0.07590010870240751,total_bilirubin_max
0.06573196800060417,triglycerides_admission_mmol/L
0.06479520450841927,alt_max
0.06288413549671111,bmi
0.05777350121699055,ast_max
0.047821293716657366,ldl_admission_mmol/L
0.041350348116774585,hdl_admission_mmol/L
0.008665935110616554,statins_n/y
