fit_time,score_time,test_acc,test_b_acc,test_recall,test_precision,test_roc_auc_micro,test_roc_auc_macro,test_f1,test_f1_micro,test_f1_macro,test_f1_weighted,test_fbeta,model
17.887014865875244,0.821509838104248,0.8363636363636363,0.6277777777777778,0.9555555555555556,0.86,0.7533333333333334,0.7533333333333334,0.9052631578947369,0.8363636363636363,0.6526315789473685,0.8133971291866029,0.9347826086956523,RandomForest
17.204249143600464,0.9865212440490723,0.8363636363636363,0.55,1.0,0.8333333333333334,0.6688888888888889,0.6688888888888889,0.9090909090909091,0.8363636363636363,0.5454545454545454,0.7768595041322314,0.9615384615384615,RandomForest
17.97507071495056,1.6380372047424316,0.9074074074074074,0.75,1.0,0.8979591836734694,0.7704545454545455,0.7704545454545455,0.9462365591397849,0.9074074074074074,0.8064516129032258,0.8944643568299482,0.9777777777777776,RandomForest
