fit_time,score_time,test_acc,test_b_acc,test_recall,test_precision,test_roc_auc_micro,test_roc_auc_macro,test_f1,test_f1_micro,test_f1_macro,test_f1_weighted,test_fbeta,model
102.0533037185669,0.9268016815185547,0.8545454545454545,0.6,1.0,0.8490566037735849,0.7488888888888888,0.7488888888888888,0.9183673469387755,0.8545454545454545,0.6258503401360545,0.8119975262832407,0.9656652360515021,GBoost
105.80715751647949,1.1824300289154053,0.7636363636363637,0.4666666666666667,0.9333333333333333,0.8076923076923077,0.6533333333333333,0.6533333333333333,0.8659793814432989,0.7636363636363637,0.43298969072164945,0.7085285848172446,0.9051724137931033,GBoost
123.83622169494629,1.2022309303283691,0.7592592592592593,0.6204545454545455,0.8409090909090909,0.8604651162790697,0.7090909090909091,0.7090909090909091,0.8505747126436781,0.7592592592592593,0.6157635467980296,0.7636076141823268,0.8447488584474886,GBoost
