fit_time,score_time,test_acc,test_b_acc,test_recall,test_precision,test_roc_auc_micro,test_roc_auc_macro,test_f1,test_f1_micro,test_f1_macro,test_f1_weighted,test_fbeta,model
20.487272262573242,1.1083195209503174,0.7636363636363637,0.5833333333333334,0.8666666666666667,0.8478260869565217,0.5988888888888889,0.5988888888888889,0.8571428571428571,0.7636363636363637,0.5864661654135338,0.7587149692412849,0.8628318584070798,KNN
14.77269721031189,1.045348882675171,0.8363636363636363,0.6277777777777778,0.9555555555555556,0.86,0.5511111111111111,0.5511111111111111,0.9052631578947369,0.8363636363636363,0.6526315789473685,0.8133971291866029,0.9347826086956523,KNN
30.31780171394348,1.9293932914733887,0.8333333333333334,0.6659090909090909,0.9318181818181818,0.8723404255319149,0.7113636363636363,0.7113636363636363,0.9010989010989012,0.8333333333333334,0.6858435681965094,0.821374703727645,0.9192825112107624,KNN
