fit_time,score_time,test_acc,test_b_acc,test_recall,test_precision,test_roc_auc_micro,test_roc_auc_macro,test_f1,test_f1_micro,test_f1_macro,test_f1_weighted,test_fbeta,model
23.503057956695557,1.0414319038391113,0.8181818181818182,0.5,1.0,0.8181818181818182,0.64,0.64,0.9,0.8181818181818182,0.45,0.7363636363636363,0.9574468085106381,LogReg
26.127642393112183,1.3980610370635986,0.8181818181818182,0.5,1.0,0.8181818181818182,0.6866666666666666,0.6866666666666666,0.9,0.8181818181818182,0.45,0.7363636363636363,0.9574468085106381,LogReg
23.123862504959106,1.1645774841308594,0.8148148148148148,0.5,1.0,0.8148148148148148,0.8386363636363636,0.8386363636363636,0.8979591836734693,0.8148148148148148,0.44897959183673464,0.7316704459561602,0.9565217391304346,LogReg
