fit_time,score_time,test_acc,test_b_acc,test_recall,test_precision,test_roc_auc_micro,test_roc_auc_macro,test_f1,test_f1_micro,test_f1_macro,test_f1_weighted,test_fbeta,model
9.400813341140747,0.7039086818695068,0.8181818181818182,0.5,1.0,0.8181818181818182,0.6333333333333334,0.6333333333333334,0.9,0.8181818181818182,0.45,0.7363636363636363,0.9574468085106381,MLP
7.890164375305176,0.7237603664398193,0.8181818181818182,0.5,1.0,0.8181818181818182,0.6711111111111111,0.6711111111111111,0.9,0.8181818181818182,0.45,0.7363636363636363,0.9574468085106381,MLP
7.03696346282959,0.988114595413208,0.8148148148148148,0.5,1.0,0.8148148148148148,0.8363636363636364,0.8363636363636364,0.8979591836734693,0.8148148148148148,0.44897959183673464,0.7316704459561602,0.9565217391304346,MLP
