fit_time,score_time,test_acc,test_b_acc,test_recall,test_precision,test_roc_auc_micro,test_roc_auc_macro,test_f1,test_f1_micro,test_f1_macro,test_f1_weighted,test_fbeta,model
18.30050539970398,0.9667294025421143,0.8727272727272727,0.65,1.0,0.8653846153846154,0.7177777777777778,0.7177777777777778,0.9278350515463918,0.8727272727272727,0.6946867565424266,0.8430538533631317,0.9698275862068965,RandomForest
16.227394342422485,0.9976115226745605,0.8363636363636363,0.55,1.0,0.8333333333333334,0.7222222222222222,0.7222222222222222,0.9090909090909091,0.8363636363636363,0.5454545454545454,0.7768595041322314,0.9615384615384615,RandomForest
17.876324892044067,1.3104476928710938,0.8703703703703703,0.6886363636363637,0.9772727272727273,0.8775510204081632,0.7386363636363635,0.7386363636363635,0.9247311827956989,0.8703703703703703,0.7290322580645161,0.8522500995619275,0.9555555555555556,RandomForest
