precision,recall,f1,accuracy,model,auc
0.8913043478260869,0.917910447761194,0.9044117647058824,0.8414634146341463,gnb,0.8398009950248756
