precision,recall,f1,accuracy,model,auc
0.8819444444444444,0.9477611940298507,0.9136690647482014,0.8536585365853658,gpr,0.8502487562189055
