precision,recall,f1,accuracy,model,auc
0.8170731707317073,1.0,0.8993288590604027,0.8170731707317073,mcl,0.5
