precision,recall,f1,accuracy,model,auc
0.90625,0.8656716417910447,0.8854961832061069,0.8170731707317073,qda,0.8325870646766168
