precision,recall,f1,accuracy,model,auc
0.8707482993197279,0.9552238805970149,0.9110320284697508,0.8475609756097561,log,0.7783582089552239
