precision,recall,f1,accuracy,model,auc
0.8205128205128205,0.9552238805970149,0.8827586206896552,0.7926829268292683,mlp,0.7519900497512438
