precision,recall,f1,accuracy,model,auc
0.8636363636363636,0.8507462686567164,0.8571428571428571,0.7682926829268293,abc,0.6253731343283582
