precision,recall,f1,accuracy,model,auc
0.8642857142857143,0.9029850746268657,0.8832116788321168,0.8048780487804879,knn,0.6411691542288558
