precision,recall,f1,accuracy,model,auc
0.8461538461538461,0.9850746268656716,0.9103448275862069,0.8414634146341463,gpr,0.7796019900497513
