precision,recall,f1,accuracy,model,auc
0.8721804511278195,0.8656716417910447,0.8689138576779026,0.7865853658536586,gnb,0.7686567164179103
