precision,recall,f1,accuracy,model,auc
0.8113207547169812,0.9626865671641791,0.8805460750853242,0.7865853658536586,qda,0.7323383084577114
