fit_time,score_time,test_acc,test_b_acc,test_recall,test_precision,test_roc_auc_micro,test_roc_auc_macro,test_f1,test_f1_micro,test_f1_macro,test_f1_weighted,test_fbeta,model
32.174901723861694,0.034249067306518555,0.8181818181818182,0.5388888888888889,0.9777777777777777,0.8301886792452831,0.6499999999999999,0.6499999999999999,0.8979591836734695,0.8181818181818182,0.5323129251700681,0.7649969078540508,0.9442060085836909,GBoost
38.05069541931152,0.10895824432373047,0.8363636363636363,0.5888888888888889,0.9777777777777777,0.8461538461538461,0.5811111111111111,0.5811111111111111,0.9072164948453608,0.8363636363636363,0.6074544012688342,0.7982120971811694,0.9482758620689655,GBoost
34.23816728591919,0.25432395935058594,0.7962962962962963,0.5659090909090909,0.9318181818181818,0.8367346938775511,0.6420454545454545,0.6420454545454545,0.8817204301075268,0.7962962962962963,0.5741935483870967,0.7678215850258859,0.9111111111111111,GBoost
