fit_time,score_time,test_acc,test_b_acc,test_recall,test_precision,test_roc_auc_micro,test_roc_auc_macro,test_f1,test_f1_micro,test_f1_macro,test_f1_weighted,test_fbeta,model
5.720276594161987,0.03386092185974121,0.8363636363636363,0.6277777777777778,0.9555555555555556,0.86,0.5988888888888889,0.5988888888888889,0.9052631578947369,0.8363636363636363,0.6526315789473685,0.8133971291866029,0.9347826086956523,KNN
4.430208683013916,0.07906675338745117,0.8181818181818182,0.6555555555555556,0.9111111111111111,0.8723404255319149,0.5577777777777778,0.5577777777777778,0.891304347826087,0.8181818181818182,0.6678743961352658,0.8100570926657883,0.9030837004405285,KNN
6.09155535697937,0.3113279342651367,0.8148148148148148,0.6931818181818181,0.8863636363636364,0.8863636363636364,0.7295454545454545,0.7295454545454545,0.8863636363636365,0.8148148148148148,0.6931818181818182,0.814814814814815,0.8863636363636364,KNN
