fit_time,score_time,test_acc,test_b_acc,test_recall,test_precision,test_roc_auc_micro,test_roc_auc_macro,test_f1,test_f1_micro,test_f1_macro,test_f1_weighted,test_fbeta,model
5.3929688930511475,0.0340425968170166,0.8545454545454545,0.6,1.0,0.8490566037735849,0.6366666666666666,0.6366666666666666,0.9183673469387755,0.8545454545454545,0.6258503401360545,0.8119975262832407,0.9656652360515021,LogReg
6.4703967571258545,0.07840132713317871,0.8181818181818182,0.5,1.0,0.8181818181818182,0.6688888888888889,0.6688888888888889,0.9,0.8181818181818182,0.45,0.7363636363636363,0.9574468085106381,LogReg
8.118505477905273,0.24441123008728027,0.7962962962962963,0.5272727272727273,0.9545454545454546,0.8235294117647058,0.6988636363636364,0.6988636363636364,0.8842105263157896,0.7962962962962963,0.5190283400809717,0.7489578647473385,0.9251101321585904,LogReg
