fit_time,score_time,test_acc,test_b_acc,test_recall,test_precision,test_roc_auc_micro,test_roc_auc_macro,test_f1,test_f1_micro,test_f1_macro,test_f1_weighted,test_fbeta,model
4.725943088531494,0.03579425811767578,0.7818181818181819,0.5555555555555556,0.9111111111111111,0.8367346938775511,0.6000000000000001,0.6000000000000001,0.8723404255319148,0.7818181818181819,0.5611702127659575,0.7591876208897484,0.8951965065502182,MLP
12.599135875701904,0.07819390296936035,0.8181818181818182,0.5388888888888889,0.9777777777777777,0.8301886792452831,0.43999999999999995,0.43999999999999995,0.8979591836734695,0.8181818181818182,0.5323129251700681,0.7649969078540508,0.9442060085836909,MLP
5.283504247665405,0.24442315101623535,0.8333333333333334,0.6272727272727273,0.9545454545454546,0.8571428571428571,0.6977272727272728,0.6977272727272728,0.9032258064516128,0.8333333333333334,0.6516129032258065,0.8100358422939067,0.9333333333333333,MLP
