fi,var
0.3810464739909079,age
0.13560279032448552,the_doctor_who_entered_the_data
0.09991365660012881,healthcareassociated_infection_n/y
0.09679927910707375,immunosuppressive_drugs_n/y
0.0896011581787692,known_contact_with_c19_patient_n/y
0.050134669163282984,statins_n/y
0.040979565780845474,active_mlg_disease_n/y
0.03809029246608023,hyperlipidemia_n/y
0.03405907484123125,heart_failure_n/y
0.03377303954719502,acei_n/y
