fit_time,score_time,test_acc,test_b_acc,test_recall,test_precision,test_roc_auc_micro,test_roc_auc_macro,test_f1,test_f1_micro,test_f1_macro,test_f1_weighted,test_fbeta,model
5.702958106994629,0.08310103416442871,0.8181818181818182,0.6166666666666667,0.9333333333333333,0.8571428571428571,0.5988888888888888,0.5988888888888888,0.8936170212765957,0.8181818181818182,0.6343085106382979,0.7993230174081237,0.9170305676855895,RandomForest
5.514789342880249,0.17185187339782715,0.8181818181818182,0.5777777777777778,0.9555555555555556,0.8431372549019608,0.5511111111111111,0.5511111111111111,0.8958333333333333,0.8181818181818182,0.5907738095238095,0.7849025974025975,0.9307359307359309,RandomForest
5.194171905517578,0.2588229179382324,0.8148148148148148,0.6159090909090909,0.9318181818181818,0.8541666666666666,0.6840909090909091,0.6840909090909091,0.8913043478260869,0.8148148148148148,0.6331521739130435,0.7956924315619968,0.9151785714285713,RandomForest
