fit_time,score_time,test_acc,test_b_acc,test_recall,test_precision,test_roc_auc_micro,test_roc_auc_macro,test_f1,test_f1_micro,test_f1_macro,test_f1_weighted,test_fbeta,model
38.45469427108765,0.25315189361572266,0.8727272727272727,0.7666666666666666,0.9333333333333333,0.9130434782608695,0.9422222222222223,0.9422222222222223,0.9230769230769231,0.8727272727272727,0.7773279352226721,0.8700772911299228,0.929203539823009,GBoost
36.234456300735474,0.27315783500671387,0.8363636363636363,0.6666666666666667,0.9333333333333333,0.875,0.9088888888888889,0.9088888888888889,0.9032258064516129,0.8363636363636363,0.6869070208728653,0.8245644298775228,0.9210526315789472,GBoost
34.069854974746704,0.39304184913635254,0.9259259259259259,0.8772727272727273,0.9545454545454546,0.9545454545454546,0.9477272727272728,0.9477272727272728,0.9545454545454546,0.9259259259259259,0.8772727272727274,0.9259259259259259,0.9545454545454545,GBoost
