fit_time,score_time,test_acc,test_b_acc,test_recall,test_precision,test_roc_auc_micro,test_roc_auc_macro,test_f1,test_f1_micro,test_f1_macro,test_f1_weighted,test_fbeta,model
4.615620851516724,0.25751590728759766,0.9090909090909091,0.8277777777777777,0.9555555555555556,0.9347826086956522,0.8933333333333333,0.8933333333333333,0.945054945054945,0.9090909090909091,0.8409485251590514,0.9071980650928019,0.9513274336283186,MLP
4.150851726531982,0.27118802070617676,0.8,0.4888888888888889,0.9777777777777777,0.8148148148148148,0.7311111111111112,0.7311111111111112,0.8888888888888888,0.8000000000000002,0.4444444444444444,0.7272727272727273,0.94017094017094,MLP
4.363222122192383,0.3934774398803711,0.8518518518518519,0.7159090909090908,0.9318181818181818,0.8913043478260869,0.95,0.95,0.9111111111111111,0.8518518518518519,0.7333333333333334,0.8452674897119342,0.9234234234234233,MLP
