fit_time,score_time,test_acc,test_b_acc,test_recall,test_precision,test_roc_auc_micro,test_roc_auc_macro,test_f1,test_f1_micro,test_f1_macro,test_f1_weighted,test_fbeta,model
39.449440479278564,0.2627995014190674,0.8909090909090909,0.8166666666666667,0.9333333333333333,0.9333333333333333,0.9488888888888889,0.9488888888888889,0.9333333333333333,0.8909090909090909,0.8166666666666667,0.8909090909090909,0.9333333333333333,GBoost
36.48988151550293,0.2815127372741699,0.8909090909090909,0.7388888888888889,0.9777777777777777,0.8979591836734694,0.9355555555555556,0.9355555555555556,0.9361702127659575,0.8909090909090909,0.7805851063829787,0.8795938104448743,0.9606986899563318,GBoost
34.21724820137024,0.38958168029785156,0.9259259259259259,0.8386363636363636,0.9772727272727273,0.9347826086956522,0.9568181818181818,0.9568181818181818,0.9555555555555557,0.9259259259259259,0.8666666666666667,0.9226337448559673,0.9684684684684685,GBoost
