fit_time,score_time,test_acc,test_b_acc,test_recall,test_precision,test_roc_auc_micro,test_roc_auc_macro,test_f1,test_f1_micro,test_f1_macro,test_f1_weighted,test_fbeta,model
7.406528472900391,0.41245555877685547,0.7818181818181819,0.5944444444444444,0.8888888888888888,0.851063829787234,0.6766666666666667,0.6766666666666667,0.8695652173913044,0.7818181818181819,0.6014492753623188,0.7720685111989462,0.8810572687224669,KNN
9.507671594619751,0.43491196632385254,0.8363636363636363,0.5888888888888889,0.9777777777777777,0.8461538461538461,0.648888888888889,0.648888888888889,0.9072164948453608,0.8363636363636363,0.6074544012688342,0.7982120971811694,0.9482758620689655,KNN
9.087358236312866,0.6831653118133545,0.9074074074074074,0.75,1.0,0.8979591836734694,0.8477272727272727,0.8477272727272727,0.9462365591397849,0.9074074074074074,0.8064516129032258,0.8944643568299482,0.9777777777777776,KNN
