fit_time,score_time,test_acc,test_b_acc,test_recall,test_precision,test_roc_auc_micro,test_roc_auc_macro,test_f1,test_f1_micro,test_f1_macro,test_f1_weighted,test_fbeta,model
4.432013034820557,0.2630014419555664,0.8181818181818182,0.5,1.0,0.8181818181818182,0.5955555555555556,0.5955555555555556,0.9,0.8181818181818182,0.45,0.7363636363636363,0.9574468085106381,MLP
4.65214204788208,0.28159284591674805,0.8181818181818182,0.6555555555555556,0.9111111111111111,0.8723404255319149,0.9088888888888889,0.9088888888888889,0.891304347826087,0.8181818181818182,0.6678743961352658,0.8100570926657883,0.9030837004405285,MLP
4.568933963775635,0.40323567390441895,0.8888888888888888,0.7386363636363636,0.9772727272727273,0.8958333333333334,0.9022727272727273,0.9022727272727273,0.9347826086956522,0.8888888888888888,0.7798913043478262,0.8774154589371981,0.9598214285714287,MLP
