fit_time,score_time,test_acc,test_b_acc,test_recall,test_precision,test_roc_auc_micro,test_roc_auc_macro,test_f1,test_f1_micro,test_f1_macro,test_f1_weighted,test_fbeta,model
7.424300670623779,0.29029083251953125,0.9272727272727272,0.8388888888888888,0.9777777777777777,0.9361702127659575,0.9711111111111111,0.9711111111111111,0.9565217391304347,0.9272727272727272,0.8671497584541061,0.9240228370663153,0.9691629955947135,RandomForest
7.5967607498168945,0.39380669593811035,0.8727272727272727,0.7277777777777779,0.9555555555555556,0.8958333333333334,0.951111111111111,0.951111111111111,0.924731182795699,0.8727272727272727,0.756483238456673,0.8635501121269623,0.9429824561403511,RandomForest
7.05091404914856,0.4509401321411133,0.9074074074074074,0.8272727272727273,0.9545454545454546,0.9333333333333333,0.9613636363636364,0.9613636363636364,0.9438202247191012,0.9074074074074074,0.8403311649911295,0.9054909433383709,0.9502262443438916,RandomForest
