fit_time,score_time,test_acc,test_b_acc,test_recall,test_precision,test_roc_auc_micro,test_roc_auc_macro,test_f1,test_f1_micro,test_f1_macro,test_f1_weighted,test_fbeta,model
54.88944172859192,0.26975297927856445,0.8727272727272727,0.7666666666666666,0.9333333333333333,0.9130434782608695,0.9444444444444445,0.9444444444444445,0.9230769230769231,0.8727272727272727,0.7773279352226721,0.8700772911299228,0.929203539823009,GBoost
54.0709445476532,0.29082751274108887,0.8545454545454545,0.6777777777777778,0.9555555555555556,0.8775510204081632,0.9133333333333333,0.9133333333333333,0.9148936170212767,0.8545454545454545,0.7074468085106383,0.8394584139264991,0.9388646288209607,GBoost
62.02250647544861,0.5219945907592773,0.8888888888888888,0.7772727272727273,0.9545454545454546,0.9130434782608695,0.9568181818181818,0.9568181818181818,0.9333333333333332,0.8888888888888888,0.7999999999999998,0.8839506172839505,0.9459459459459459,GBoost
