fit_time,score_time,test_acc,test_b_acc,test_recall,test_precision,test_roc_auc_micro,test_roc_auc_macro,test_f1,test_f1_micro,test_f1_macro,test_f1_weighted,test_fbeta,model
9.337604284286499,0.4377455711364746,0.7636363636363637,0.5833333333333334,0.8666666666666667,0.8478260869565217,0.6211111111111112,0.6211111111111112,0.8571428571428571,0.7636363636363637,0.5864661654135338,0.7587149692412849,0.8628318584070798,KNN
8.799468278884888,0.3337056636810303,0.8363636363636363,0.5888888888888889,0.9777777777777777,0.8461538461538461,0.6533333333333333,0.6533333333333333,0.9072164948453608,0.8363636363636363,0.6074544012688342,0.7982120971811694,0.9482758620689655,KNN
8.514658451080322,0.4145073890686035,0.9074074074074074,0.7886363636363636,0.9772727272727273,0.9148936170212766,0.8647727272727272,0.8647727272727272,0.945054945054945,0.9074074074074074,0.8254686489980607,0.900763724293136,0.9641255605381167,KNN
