fit_time,score_time,test_acc,test_b_acc,test_recall,test_precision,test_roc_auc_micro,test_roc_auc_macro,test_f1,test_f1_micro,test_f1_macro,test_f1_weighted,test_fbeta,model
13.825411796569824,0.38908886909484863,0.8363636363636363,0.5888888888888889,0.9777777777777777,0.8461538461538461,0.6488888888888888,0.6488888888888888,0.9072164948453608,0.8363636363636363,0.6074544012688342,0.7982120971811694,0.9482758620689655,LogReg
12.19248342514038,0.319979190826416,0.8181818181818182,0.5,1.0,0.8181818181818182,0.7022222222222222,0.7022222222222222,0.9,0.8181818181818182,0.45,0.7363636363636363,0.9574468085106381,LogReg
12.097166776657104,0.4694223403930664,0.8148148148148148,0.5,1.0,0.8148148148148148,0.8568181818181818,0.8568181818181818,0.8979591836734693,0.8148148148148148,0.44897959183673464,0.7316704459561602,0.9565217391304346,LogReg
