fit_time,score_time,test_acc,test_b_acc,test_recall,test_precision,test_roc_auc_micro,test_roc_auc_macro,test_f1,test_f1_micro,test_f1_macro,test_f1_weighted,test_fbeta,model
11.265239238739014,0.4317638874053955,0.6727272727272727,0.5666666666666667,0.7333333333333333,0.8461538461538461,0.6377777777777778,0.6377777777777778,0.7857142857142856,0.6727272727272727,0.5467032967032966,0.6988011988011988,0.7534246575342466,MLP
21.047603130340576,0.48128271102905273,0.8,0.4888888888888889,0.9777777777777777,0.8148148148148148,0.6488888888888888,0.6488888888888888,0.8888888888888888,0.8000000000000002,0.4444444444444444,0.7272727272727273,0.94017094017094,MLP
21.076295137405396,0.6780860424041748,0.8703703703703703,0.7659090909090909,0.9318181818181818,0.9111111111111111,0.9454545454545455,0.9454545454545455,0.9213483146067416,0.8703703703703703,0.7764636309875813,0.8676873206737192,0.927601809954751,MLP
