fit_time,score_time,test_acc,test_b_acc,test_recall,test_precision,test_roc_auc_micro,test_roc_auc_macro,test_f1,test_f1_micro,test_f1_macro,test_f1_weighted,test_fbeta,model
16.710241079330444,0.5168640613555908,0.8909090909090909,0.7777777777777778,0.9555555555555556,0.9148936170212766,0.96,0.96,0.9347826086956522,0.8909090909090909,0.8007246376811594,0.886034255599473,0.947136563876652,RandomForest
14.185463428497314,0.4611680507659912,0.8727272727272727,0.7277777777777779,0.9555555555555556,0.8958333333333334,0.9311111111111111,0.9311111111111111,0.924731182795699,0.8727272727272727,0.756483238456673,0.8635501121269623,0.9429824561403511,RandomForest
19.256839513778687,0.5468063354492188,0.9074074074074074,0.8272727272727273,0.9545454545454546,0.9333333333333333,0.9431818181818182,0.9431818181818182,0.9438202247191012,0.9074074074074074,0.8403311649911295,0.9054909433383709,0.9502262443438916,RandomForest
