precision,recall,f1,accuracy,model,auc
0.8402777777777778,0.9029850746268657,0.8705035971223022,0.7804878048780488,qda,0.5763681592039801
