precision,recall,f1,accuracy,model,auc
0.8518518518518519,0.8582089552238806,0.8550185873605948,0.7621951219512195,abc,0.595771144278607
