precision,recall,f1,accuracy,model,auc
0.831858407079646,0.7014925373134329,0.7611336032388664,0.6402439024390244,knn,0.5335820895522388
