precision,recall,f1,accuracy,model,auc
0.8238993710691824,0.9776119402985075,0.89419795221843,0.8109756097560976,log,0.6067164179104477
