precision,recall,f1,accuracy,model,auc
0.8376623376623377,0.9626865671641791,0.8958333333333334,0.8170731707317073,gnb,0.5818407960199006
