precision,recall,f1,accuracy,model,auc
0.8387096774193549,0.9701492537313433,0.8996539792387543,0.823170731707317,rfc,0.7082089552238806
