precision,recall,f1,accuracy,model,auc
0.8187919463087249,0.9104477611940298,0.8621908127208481,0.7621951219512195,mlp,0.5345771144278606
