fit_time,score_time,test_acc,test_b_acc,test_recall,test_precision,test_roc_auc_micro,test_roc_auc_macro,test_f1,test_f1_micro,test_f1_macro,test_f1_weighted,test_fbeta,model
37.03647184371948,0.25197577476501465,0.8545454545454545,0.7166666666666667,0.9333333333333333,0.8936170212765957,0.89,0.89,0.9130434782608695,0.8545454545454545,0.7342995169082125,0.8480456741326305,0.9251101321585902,GBoost
35.88165473937988,0.2753024101257324,0.8909090909090909,0.7777777777777778,0.9555555555555556,0.9148936170212766,0.9555555555555556,0.9555555555555556,0.9347826086956522,0.8909090909090909,0.8007246376811594,0.886034255599473,0.947136563876652,GBoost
33.9056715965271,0.3797163963317871,0.9259259259259259,0.8772727272727273,0.9545454545454546,0.9545454545454546,0.9636363636363636,0.9636363636363636,0.9545454545454546,0.9259259259259259,0.8772727272727274,0.9259259259259259,0.9545454545454545,GBoost
