fit_time,score_time,test_acc,test_b_acc,test_recall,test_precision,test_roc_auc_micro,test_roc_auc_macro,test_f1,test_f1_micro,test_f1_macro,test_f1_weighted,test_fbeta,model
5.968492269515991,0.24787306785583496,0.7636363636363637,0.5833333333333334,0.8666666666666667,0.8478260869565217,0.6133333333333334,0.6133333333333334,0.8571428571428571,0.7636363636363637,0.5864661654135338,0.7587149692412849,0.8628318584070798,KNN
6.0633673667907715,0.282318115234375,0.8363636363636363,0.5888888888888889,0.9777777777777777,0.8461538461538461,0.6444444444444445,0.6444444444444445,0.9072164948453608,0.8363636363636363,0.6074544012688342,0.7982120971811694,0.9482758620689655,KNN
5.831008195877075,0.39809155464172363,0.8888888888888888,0.7386363636363636,0.9772727272727273,0.8958333333333334,0.8340909090909091,0.8340909090909091,0.9347826086956522,0.8888888888888888,0.7798913043478262,0.8774154589371981,0.9598214285714287,KNN
