fit_time,score_time,test_acc,test_b_acc,test_recall,test_precision,test_roc_auc_micro,test_roc_auc_macro,test_f1,test_f1_micro,test_f1_macro,test_f1_weighted,test_fbeta,model
8.283983945846558,0.2502765655517578,0.8363636363636363,0.5888888888888889,0.9777777777777777,0.8461538461538461,0.6511111111111111,0.6511111111111111,0.9072164948453608,0.8363636363636363,0.6074544012688342,0.7982120971811694,0.9482758620689655,LogReg
8.335759401321411,0.28087735176086426,0.8181818181818182,0.5,1.0,0.8181818181818182,0.7022222222222222,0.7022222222222222,0.9,0.8181818181818182,0.45,0.7363636363636363,0.9574468085106381,LogReg
7.936848878860474,0.39536356925964355,0.8148148148148148,0.5,1.0,0.8148148148148148,0.8568181818181818,0.8568181818181818,0.8979591836734693,0.8148148148148148,0.44897959183673464,0.7316704459561602,0.9565217391304346,LogReg
