fit_time,score_time,test_acc,test_b_acc,test_recall,test_precision,test_roc_auc_micro,test_roc_auc_macro,test_f1,test_f1_micro,test_f1_macro,test_f1_weighted,test_fbeta,model
4.713006496429443,0.2515745162963867,0.8909090909090909,0.8555555555555556,0.9111111111111111,0.9534883720930233,0.87,0.87,0.9318181818181819,0.8909090909090909,0.8295454545454546,0.8946280991735538,0.9192825112107623,MLP
4.605700731277466,0.27886176109313965,0.8363636363636363,0.6666666666666667,0.9333333333333333,0.875,0.9222222222222222,0.9222222222222222,0.9032258064516129,0.8363636363636363,0.6869070208728653,0.8245644298775228,0.9210526315789472,MLP
4.146183490753174,0.38135504722595215,0.8333333333333334,0.7045454545454546,0.9090909090909091,0.8888888888888888,0.9340909090909091,0.9340909090909091,0.8988764044943819,0.8333333333333334,0.712596096984033,0.8298836980090676,0.904977375565611,MLP
