fit_time,score_time,test_acc,test_b_acc,test_recall,test_precision,test_roc_auc_micro,test_roc_auc_macro,test_f1,test_f1_micro,test_f1_macro,test_f1_weighted,test_fbeta,model
6.833622455596924,0.2827742099761963,0.8909090909090909,0.8166666666666667,0.9333333333333333,0.9333333333333333,0.9644444444444444,0.9644444444444444,0.9333333333333333,0.8909090909090909,0.8166666666666667,0.8909090909090909,0.9333333333333333,RandomForest
6.856038331985474,0.3129873275756836,0.8727272727272727,0.7277777777777779,0.9555555555555556,0.8958333333333334,0.9488888888888889,0.9488888888888889,0.924731182795699,0.8727272727272727,0.756483238456673,0.8635501121269623,0.9429824561403511,RandomForest
7.287929534912109,0.4876067638397217,0.9074074074074074,0.8272727272727273,0.9545454545454546,0.9333333333333333,0.9590909090909091,0.9590909090909091,0.9438202247191012,0.9074074074074074,0.8403311649911295,0.9054909433383709,0.9502262443438916,RandomForest
