precision,recall,f1,accuracy,model,auc
0.8865248226950354,0.9328358208955224,0.9090909090909091,0.8475609756097561,gpr,0.9271144278606964
