precision,recall,f1,accuracy,model,auc
0.9523809523809523,0.8955223880597015,0.9230769230769231,0.8780487804878049,gnb,0.9258706467661691
