precision,recall,f1,accuracy,model,auc
0.9375,0.8955223880597015,0.916030534351145,0.8658536585365854,qda,0.8813432835820895
