fit_time,score_time,test_acc,test_b_acc,test_recall,test_precision,test_roc_auc_micro,test_roc_auc_macro,test_f1,test_f1_micro,test_f1_macro,test_f1_weighted,test_fbeta,model
65.56222605705261,0.6270575523376465,0.9454545454545454,0.9666666666666667,0.9333333333333333,1.0,0.9833333333333334,0.9833333333333334,0.9655172413793104,0.9454545454545454,0.9175412293853074,0.9480714188360366,0.9459459459459459,GBoost
65.35272717475891,0.6343717575073242,0.9818181818181818,0.95,1.0,0.9782608695652174,0.9866666666666667,0.9866666666666667,0.989010989010989,0.9818181818181818,0.9681897050318103,0.9814396130185604,0.9955752212389382,GBoost
62.94025897979736,0.8941798210144043,0.9629629629629629,0.9,1.0,0.9565217391304348,0.9772727272727273,0.9772727272727273,0.9777777777777777,0.9629629629629629,0.9333333333333333,0.9613168724279836,0.990990990990991,GBoost
