fit_time,score_time,test_acc,test_b_acc,test_recall,test_precision,test_roc_auc_micro,test_roc_auc_macro,test_f1,test_f1_micro,test_f1_macro,test_f1_weighted,test_fbeta,model
11.766114950180054,0.6747028827667236,0.8181818181818182,0.6555555555555556,0.9111111111111111,0.8723404255319149,0.7566666666666667,0.7566666666666667,0.891304347826087,0.8181818181818182,0.6678743961352658,0.8100570926657883,0.9030837004405285,KNN
12.01415753364563,0.6763455867767334,0.8545454545454545,0.6388888888888888,0.9777777777777777,0.8627450980392157,0.7822222222222222,0.7822222222222222,0.9166666666666665,0.8545454545454545,0.6726190476190474,0.8279220779220777,0.9523809523809524,KNN
10.915826797485352,0.968970537185669,0.9074074074074074,0.8272727272727273,0.9545454545454546,0.9333333333333333,0.8727272727272728,0.8727272727272728,0.9438202247191012,0.9074074074074074,0.8403311649911295,0.9054909433383709,0.9502262443438916,KNN
