fit_time,score_time,test_acc,test_b_acc,test_recall,test_precision,test_roc_auc_micro,test_roc_auc_macro,test_f1,test_f1_micro,test_f1_macro,test_f1_weighted,test_fbeta,model
16.263423681259155,0.6646904945373535,0.8181818181818182,0.5,1.0,0.8181818181818182,0.6666666666666666,0.6666666666666666,0.9,0.8181818181818182,0.45,0.7363636363636363,0.9574468085106381,LogReg
16.001030921936035,0.6208951473236084,0.8181818181818182,0.5,1.0,0.8181818181818182,0.7555555555555556,0.7555555555555556,0.9,0.8181818181818182,0.45,0.7363636363636363,0.9574468085106381,LogReg
15.312215566635132,0.9130198955535889,0.8148148148148148,0.5,1.0,0.8148148148148148,0.8613636363636363,0.8613636363636363,0.8979591836734693,0.8148148148148148,0.44897959183673464,0.7316704459561602,0.9565217391304346,LogReg
