fit_time,score_time,test_acc,test_b_acc,test_recall,test_precision,test_roc_auc_micro,test_roc_auc_macro,test_f1,test_f1_micro,test_f1_macro,test_f1_weighted,test_fbeta,model
8.275091409683228,0.6153275966644287,0.8181818181818182,0.5,1.0,0.8181818181818182,0.74,0.74,0.9,0.8181818181818182,0.45,0.7363636363636363,0.9574468085106381,MLP
8.20229983329773,0.6179986000061035,0.8727272727272727,0.65,1.0,0.8653846153846154,1.0,1.0,0.9278350515463918,0.8727272727272727,0.6946867565424266,0.8430538533631317,0.9698275862068965,MLP
7.602579593658447,0.9292750358581543,0.9074074074074074,0.7886363636363636,0.9772727272727273,0.9148936170212766,0.9863636363636364,0.9863636363636364,0.945054945054945,0.9074074074074074,0.8254686489980607,0.900763724293136,0.9641255605381167,MLP
