precision,recall,f1,accuracy,model,auc
0.6666666666666666,0.6666666666666666,0.6666666666666666,0.6,rfc,0.6666666666666666
