fit_time,score_time,test_acc,test_b_acc,test_recall,test_precision,test_roc_auc_micro,test_roc_auc_macro,test_f1,test_f1_micro,test_f1_macro,test_f1_weighted,test_fbeta,model
11.73880410194397,0.6410107612609863,0.9272727272727272,0.9166666666666667,0.9333333333333333,0.9767441860465116,0.9666666666666668,0.9666666666666668,0.9545454545454545,0.9272727272727272,0.8863636363636364,0.9297520661157024,0.9417040358744395,RandomForest
11.60636043548584,0.6395931243896484,0.9818181818181818,0.95,1.0,0.9782608695652174,0.9933333333333334,0.9933333333333334,0.989010989010989,0.9818181818181818,0.9681897050318103,0.9814396130185604,0.9955752212389382,RandomForest
11.146042108535767,0.9169511795043945,0.9444444444444444,0.8886363636363637,0.9772727272727273,0.9555555555555556,0.9886363636363638,0.9886363636363638,0.9662921348314608,0.9444444444444444,0.9041986989946778,0.9432945660030227,0.9728506787330318,RandomForest
