precision,recall,f1,accuracy,model,auc
0.8209876543209876,0.9925373134328358,0.8986486486486487,0.8170731707317073,gpr,0.5873134328358208
