precision,recall,f1,accuracy,model,auc
0.8320610687022901,0.8134328358208955,0.8226415094339623,0.7134146341463414,abc,0.5400497512437812
