precision,recall,f1,accuracy,model,auc
0.8410596026490066,0.9477611940298507,0.8912280701754386,0.8109756097560976,qda,0.5572139303482587
