precision,recall,f1,accuracy,model,auc
0.8486842105263158,0.9626865671641791,0.9020979020979021,0.8292682926829268,rfc,0.6636815920398009
