precision,recall,f1,accuracy,model,auc
0.8068965517241379,0.8731343283582089,0.8387096774193549,0.725609756097561,mlp,0.4104477611940298
