precision,recall,f1,accuracy,model,auc
0.8355263157894737,0.9477611940298507,0.8881118881118881,0.8048780487804879,gnb,0.5007462686567165
