precision,recall,f1,accuracy,model,auc
0.825,0.9850746268656716,0.8979591836734694,0.8170731707317073,log,0.594776119402985
