precision,recall,f1,accuracy,model,auc
0.8308823529411765,0.8432835820895522,0.837037037037037,0.7317073170731707,knn,0.5554726368159204
