precision,recall,f1,accuracy,model,auc
0.8389261744966443,0.9328358208955224,0.8833922261484098,0.7987804878048781,mlp,0.6253731343283582
