precision,recall,f1,accuracy,model,auc
0.9104477611940298,0.9104477611940298,0.9104477611940298,0.8536585365853658,abc,0.7552238805970148
