precision,recall,f1,accuracy,model,auc
0.952755905511811,0.9029850746268657,0.9272030651340997,0.8841463414634146,qda,0.9199004975124377
