precision,recall,f1,accuracy,model,auc
0.9338235294117647,0.9477611940298507,0.9407407407407408,0.9024390243902439,rfc,0.9490049751243781
