precision,recall,f1,accuracy,model,auc
0.976,0.9104477611940298,0.9420849420849421,0.9085365853658537,gnb,0.9547263681592039
