precision,recall,f1,accuracy,model,auc
0.896,0.835820895522388,0.8648648648648649,0.7865853658536586,knn,0.7058457711442786
