fi,var
0.20076212333277474,ferritin_admission_µg/L
0.18904300683019265,crp_admission_mg/L
0.16685169119207485,saturation_measured_based_on…
0.16157378991018018,ldh_admission_µkat/L
0.09551130375699003,xray_admission_thickenings
0.09486911917010629,saturation_%
0.09138896580768115,xray_admission_pathological_n/y
