fit_time,score_time,test_acc,test_b_acc,test_recall,test_precision,test_roc_auc_micro,test_roc_auc_macro,test_f1,test_f1_micro,test_f1_macro,test_f1_weighted,test_fbeta,model
8.001604080200195,0.40291595458984375,0.9272727272727272,0.8388888888888888,0.9777777777777777,0.9361702127659575,0.9733333333333333,0.9733333333333333,0.9565217391304347,0.9272727272727272,0.8671497584541061,0.9240228370663153,0.9691629955947135,RandomForest
7.254605770111084,0.3231527805328369,0.9090909090909091,0.7888888888888889,0.9777777777777777,0.9166666666666666,0.9444444444444445,0.9444444444444445,0.946236559139785,0.9090909090909091,0.8260594560404807,0.9025357943764016,0.9649122807017544,RandomForest
7.120639085769653,0.4269752502441406,0.9074074074074074,0.865909090909091,0.9318181818181818,0.9534883720930233,0.9295454545454546,0.9295454545454546,0.942528735632184,0.9074074074074074,0.852216748768473,0.9090798516085874,0.9360730593607306,RandomForest
