precision,recall,f1,accuracy,model,auc
0.8486842105263158,0.9626865671641792,0.902097902097902,0.8292682926829268,rfc,0.6636815920398009
0.8209876543209876,0.9925373134328358,0.8986486486486487,0.8170731707317073,gpr,0.5873134328358208
0.8320610687022901,0.8134328358208955,0.8226415094339623,0.7134146341463414,abc,0.5400497512437812
0.825,0.9850746268656716,0.8979591836734694,0.8170731707317073,log,0.594776119402985
0.8308823529411765,0.8432835820895522,0.837037037037037,0.7317073170731707,knn,0.5554726368159204
0.8068965517241379,0.8731343283582089,0.8387096774193549,0.725609756097561,mlp,0.4104477611940298
0.8355263157894737,0.9477611940298508,0.8881118881118881,0.8048780487804879,gnb,0.5007462686567165
0.8410596026490066,0.9477611940298508,0.8912280701754386,0.8109756097560976,qda,0.5572139303482587
0.8170731707317073,1.0,0.8993288590604027,0.8170731707317073,mcl,0.5
