fit_time,score_time,test_acc,test_b_acc,test_recall,test_precision,test_roc_auc_micro,test_roc_auc_macro,test_f1,test_f1_micro,test_f1_macro,test_f1_weighted,test_fbeta,model
20.928260564804077,0.04311680793762207,0.8,0.6055555555555555,0.9111111111111111,0.8541666666666666,0.7066666666666667,0.7066666666666667,0.8817204301075269,0.8000000000000002,0.6173308032890575,0.7855787476280836,0.8991228070175438,GBoost
21.44289755821228,0.016470909118652344,0.7818181818181819,0.5944444444444444,0.8888888888888888,0.851063829787234,0.7088888888888888,0.7088888888888888,0.8695652173913044,0.7818181818181819,0.6014492753623188,0.7720685111989462,0.8810572687224669,GBoost
13.581504821777344,0.012227535247802734,0.8148148148148148,0.5386363636363637,0.9772727272727273,0.8269230769230769,0.6204545454545455,0.6204545454545455,0.8958333333333334,0.8148148148148148,0.53125,0.7608024691358025,0.9429824561403507,GBoost
