fit_time,score_time,test_acc,test_b_acc,test_recall,test_precision,test_roc_auc_micro,test_roc_auc_macro,test_f1,test_f1_micro,test_f1_macro,test_f1_weighted,test_fbeta,model
4.598617076873779,0.04283308982849121,0.8363636363636363,0.6277777777777778,0.9555555555555556,0.86,0.6311111111111112,0.6311111111111112,0.9052631578947369,0.8363636363636363,0.6526315789473685,0.8133971291866029,0.9347826086956523,KNN
2.6031150817871094,0.032235145568847656,0.8,0.4888888888888889,0.9777777777777777,0.8148148148148148,0.6377777777777778,0.6377777777777778,0.8888888888888888,0.8000000000000002,0.4444444444444444,0.7272727272727273,0.94017094017094,KNN
3.379230260848999,0.03693819046020508,0.7962962962962963,0.48863636363636365,0.9772727272727273,0.8113207547169812,0.615909090909091,0.615909090909091,0.88659793814433,0.7962962962962963,0.443298969072165,0.7224131347842688,0.9388646288209606,KNN
