fit_time,score_time,test_acc,test_b_acc,test_recall,test_precision,test_roc_auc_micro,test_roc_auc_macro,test_f1,test_f1_micro,test_f1_macro,test_f1_weighted,test_fbeta,model
7.472498178482056,0.08019375801086426,0.8363636363636363,0.55,1.0,0.8333333333333334,0.5533333333333333,0.5533333333333333,0.9090909090909091,0.8363636363636363,0.5454545454545454,0.7768595041322314,0.9615384615384615,LogReg
3.874959945678711,0.019570589065551758,0.8181818181818182,0.5,1.0,0.8181818181818182,0.5,0.5,0.9,0.8181818181818182,0.45,0.7363636363636363,0.9574468085106381,LogReg
3.7458784580230713,0.014426469802856445,0.8148148148148148,0.5,1.0,0.8148148148148148,0.743181818181818,0.743181818181818,0.8979591836734693,0.8148148148148148,0.44897959183673464,0.7316704459561602,0.9565217391304346,LogReg
