fit_time,score_time,test_acc,test_b_acc,test_recall,test_precision,test_roc_auc_micro,test_roc_auc_macro,test_f1,test_f1_micro,test_f1_macro,test_f1_weighted,test_fbeta,model
1.289581060409546,0.024504423141479492,0.8545454545454545,0.6,1.0,0.8490566037735849,0.6022222222222222,0.6022222222222222,0.9183673469387755,0.8545454545454545,0.6258503401360545,0.8119975262832407,0.9656652360515021,MLP
1.6400320529937744,0.02409982681274414,0.8181818181818182,0.5,1.0,0.8181818181818182,0.5022222222222222,0.5022222222222222,0.9,0.8181818181818182,0.45,0.7363636363636363,0.9574468085106381,MLP
2.841142177581787,0.03716778755187988,0.8148148148148148,0.5386363636363637,0.9772727272727273,0.8269230769230769,0.5886363636363636,0.5886363636363636,0.8958333333333334,0.8148148148148148,0.53125,0.7608024691358025,0.9429824561403507,MLP
