fit_time,score_time,test_acc,test_b_acc,test_recall,test_precision,test_roc_auc_micro,test_roc_auc_macro,test_f1,test_f1_micro,test_f1_macro,test_f1_weighted,test_fbeta,model
11.53892469406128,0.1956617832183838,0.8545454545454545,0.6,1.0,0.8490566037735849,0.7533333333333333,0.7533333333333333,0.9183673469387755,0.8545454545454545,0.6258503401360545,0.8119975262832407,0.9656652360515021,RandomForest
9.96231746673584,0.07610940933227539,0.7818181818181819,0.5555555555555556,0.9111111111111111,0.8367346938775511,0.7122222222222222,0.7122222222222222,0.8723404255319148,0.7818181818181819,0.5611702127659575,0.7591876208897484,0.8951965065502182,RandomForest
7.974194049835205,0.12324213981628418,0.8148148148148148,0.5386363636363637,0.9772727272727273,0.8269230769230769,0.6499999999999999,0.6499999999999999,0.8958333333333334,0.8148148148148148,0.53125,0.7608024691358025,0.9429824561403507,RandomForest
