fi,var
0.14629900998602247,lathosterol
0.14259426804552247,desmosterol
0.12272205499983782,2425-dihydrolanosterol
0.10926043999705144,24-dehydrolathosterol
0.0955885181086616,lanosterol
0.09462307118156929,zymostenol
0.08000024478746154,dihydro-t-mas
0.07642786755481287,cholesterol
0.071271077664641,zymosterol
0.06121344767441952,t-mas
