fi,var
0.3041675902401994,2425-dihydrolanosterol
0.2529732447906618,zymostenol
0.24752226083905504,desmosterol
0.19533690413008387,24-dehydrolathosterol
