precision,recall,f1,accuracy,model,auc
0.9338235294117648,0.9477611940298508,0.9407407407407408,0.902439024390244,rfc,0.949004975124378
0.9136690647482014,0.9477611940298508,0.9304029304029304,0.8841463414634146,gpr,0.9442786069651742
0.9104477611940298,0.9104477611940298,0.9104477611940298,0.8536585365853658,abc,0.7552238805970148
0.9197080291970804,0.9402985074626866,0.9298892988929888,0.8841463414634146,log,0.9422885572139303
0.896,0.835820895522388,0.8648648648648649,0.7865853658536586,knn,0.7058457711442786
0.8389261744966443,0.9328358208955224,0.8833922261484098,0.7987804878048781,mlp,0.6253731343283582
0.976,0.9104477611940298,0.942084942084942,0.9085365853658536,gnb,0.954726368159204
0.952755905511811,0.9029850746268656,0.9272030651340996,0.8841463414634146,qda,0.9199004975124376
0.8170731707317073,1.0,0.8993288590604027,0.8170731707317073,mcl,0.5
