precision,recall,f1,accuracy,model,auc
0.8354430379746836,0.9850746268656716,0.9041095890410958,0.8292682926829268,rfc,0.6666666666666666
