precision,recall,f1,accuracy,model,auc
0.8344370860927153,0.9402985074626866,0.8842105263157894,0.7987804878048781,mlp,0.7253731343283583
