precision,recall,f1,accuracy,model,auc
0.975,0.8731343283582089,0.9212598425196851,0.8780487804878049,gnb,0.9293532338308457
