precision,recall,f1,accuracy,model,auc
0.9197080291970803,0.9402985074626866,0.9298892988929889,0.8841463414634146,gpr,0.9445273631840795
