precision,recall,f1,accuracy,model,auc
0.9136690647482014,0.9477611940298507,0.9304029304029304,0.8841463414634146,rfc,0.941542288557214
