precision,recall,f1,accuracy,model,auc
0.9117647058823529,0.9253731343283582,0.9185185185185185,0.8658536585365854,abc,0.7626865671641792
