precision,recall,f1,accuracy,model,auc
0.9264705882352942,0.9402985074626866,0.9333333333333333,0.8902439024390244,rfc,0.9495024875621891
