precision,recall,f1,accuracy,model,auc
0.9830508474576272,0.8656716417910447,0.9206349206349206,0.8780487804878049,gnb,0.9348258706467663
