precision,recall,f1,accuracy,model,auc
0.9606299212598425,0.9104477611940298,0.9348659003831418,0.8963414634146342,qda,0.9348258706467661
