precision,recall,f1,accuracy,model,auc
0.9465648854961832,0.9253731343283582,0.9358490566037736,0.8963414634146342,abc,0.8460199004975124
