precision,recall,f1,accuracy,model,auc
0.888,0.8283582089552238,0.8571428571428571,0.774390243902439,knn,0.6834577114427861
