precision,recall,f1,accuracy,model,auc
0.9071428571428571,0.9477611940298507,0.927007299270073,0.8780487804878049,log,0.9330845771144278
