precision,recall,f1,accuracy,model,auc
0.8441558441558441,0.9701492537313433,0.9027777777777778,0.8292682926829268,mlp,0.5960199004975124
