fit_time,score_time,test_acc,test_b_acc,test_recall,test_precision,test_roc_auc_micro,test_roc_auc_macro,test_f1,test_f1_micro,test_f1_macro,test_f1_weighted,test_fbeta,model
26.911659717559814,0.028792619705200195,0.8545454545454545,0.6,1.0,0.8490566037735849,0.6777777777777778,0.6777777777777778,0.9183673469387755,0.8545454545454545,0.6258503401360545,0.8119975262832407,0.9656652360515021,GBoost
23.829760789871216,0.06590676307678223,0.7454545454545455,0.5333333333333333,0.8666666666666667,0.8297872340425532,0.6177777777777778,0.6177777777777778,0.8478260869565217,0.7454545454545455,0.535024154589372,0.7340799297321036,0.8590308370044054,GBoost
21.462193489074707,0.19859838485717773,0.7962962962962963,0.5659090909090909,0.9318181818181818,0.8367346938775511,0.6363636363636364,0.6363636363636364,0.8817204301075268,0.7962962962962963,0.5741935483870967,0.7678215850258859,0.9111111111111111,GBoost
