fit_time,score_time,test_acc,test_b_acc,test_recall,test_precision,test_roc_auc_micro,test_roc_auc_macro,test_f1,test_f1_micro,test_f1_macro,test_f1_weighted,test_fbeta,model
4.758086442947388,0.027906417846679688,0.8181818181818182,0.6166666666666667,0.9333333333333333,0.8571428571428571,0.5711111111111111,0.5711111111111111,0.8936170212765957,0.8181818181818182,0.6343085106382979,0.7993230174081237,0.9170305676855895,KNN
5.850785255432129,0.10631537437438965,0.8181818181818182,0.6166666666666667,0.9333333333333333,0.8571428571428571,0.5544444444444444,0.5544444444444444,0.8936170212765957,0.8181818181818182,0.6343085106382979,0.7993230174081237,0.9170305676855895,KNN
4.009917497634888,0.24027180671691895,0.7777777777777778,0.6318181818181818,0.8636363636363636,0.8636363636363636,0.6818181818181819,0.6818181818181819,0.8636363636363636,0.7777777777777778,0.6318181818181818,0.7777777777777778,0.8636363636363636,KNN
