fit_time,score_time,test_acc,test_b_acc,test_recall,test_precision,test_roc_auc_micro,test_roc_auc_macro,test_f1,test_f1_micro,test_f1_macro,test_f1_weighted,test_fbeta,model
12.05176854133606,0.03834724426269531,0.8545454545454545,0.6,1.0,0.8490566037735849,0.6366666666666666,0.6366666666666666,0.9183673469387755,0.8545454545454545,0.6258503401360545,0.8119975262832407,0.9656652360515021,LogReg
9.656289339065552,0.07648825645446777,0.8545454545454545,0.6,1.0,0.8490566037735849,0.6888888888888889,0.6888888888888889,0.9183673469387755,0.8545454545454545,0.6258503401360545,0.8119975262832407,0.9656652360515021,LogReg
10.948694705963135,0.22751116752624512,0.7962962962962963,0.5272727272727273,0.9545454545454546,0.8235294117647058,0.6795454545454546,0.6795454545454546,0.8842105263157896,0.7962962962962963,0.5190283400809717,0.7489578647473385,0.9251101321585904,LogReg
