fit_time,score_time,test_acc,test_b_acc,test_recall,test_precision,test_roc_auc_micro,test_roc_auc_macro,test_f1,test_f1_micro,test_f1_macro,test_f1_weighted,test_fbeta,model
3.196390151977539,0.0278623104095459,0.8727272727272727,0.65,1.0,0.8653846153846154,0.6599999999999999,0.6599999999999999,0.9278350515463918,0.8727272727272727,0.6946867565424266,0.8430538533631317,0.9698275862068965,MLP
3.3233814239501953,0.06862020492553711,0.7636363636363637,0.5055555555555555,0.9111111111111111,0.82,0.4977777777777777,0.4977777777777777,0.8631578947368421,0.7636363636363637,0.4982456140350877,0.7304625199362043,0.8913043478260869,MLP
2.984969139099121,0.1984851360321045,0.8333333333333334,0.6659090909090909,0.9318181818181818,0.8723404255319149,0.6522727272727273,0.6522727272727273,0.9010989010989012,0.8333333333333334,0.6858435681965094,0.821374703727645,0.9192825112107624,MLP
