fi,var
0.42811167719998555,age
0.14668598402884042,the_doctor_who_entered_the_data
0.10198911622982232,healthcareassociated_infection_n/y
0.08803951357425005,known_contact_with_c19_patient_n/y
0.08502312799587532,immunosuppressive_drugs_n/y
0.055261185742688256,statins_n/y
0.05415384326317378,active_mlg_disease_n/y
0.04073555196536434,acei_n/y
