fit_time,score_time,test_acc,test_b_acc,test_recall,test_precision,test_roc_auc_micro,test_roc_auc_macro,test_f1,test_f1_micro,test_f1_macro,test_f1_weighted,test_fbeta,model
12.918363571166992,0.07863378524780273,0.8,0.6055555555555555,0.9111111111111111,0.8541666666666666,0.5777777777777777,0.5777777777777777,0.8817204301075269,0.8000000000000002,0.6173308032890575,0.7855787476280836,0.8991228070175438,RandomForest
16.476746082305908,0.22292637825012207,0.8363636363636363,0.5888888888888889,0.9777777777777777,0.8461538461538461,0.58,0.58,0.9072164948453608,0.8363636363636363,0.6074544012688342,0.7982120971811694,0.9482758620689655,RandomForest
10.657877683639526,0.331101655960083,0.8148148148148148,0.6159090909090909,0.9318181818181818,0.8541666666666666,0.6363636363636365,0.6363636363636365,0.8913043478260869,0.8148148148148148,0.6331521739130435,0.7956924315619968,0.9151785714285713,RandomForest
