fit_time,score_time,test_acc,test_b_acc,test_recall,test_precision,test_roc_auc_micro,test_roc_auc_macro,test_f1,test_f1_micro,test_f1_macro,test_f1_weighted,test_fbeta,model
21.586878538131714,0.7539598941802979,0.9272727272727272,0.9166666666666667,0.9333333333333333,0.9767441860465116,0.9655555555555557,0.9655555555555557,0.9545454545454545,0.9272727272727272,0.8863636363636364,0.9297520661157024,0.9417040358744395,KNN
20.37401056289673,0.7811565399169922,0.9636363636363636,0.9777777777777779,0.9555555555555556,1.0,0.9822222222222223,0.9822222222222223,0.9772727272727273,0.9636363636363636,0.9431818181818181,0.9648760330578512,0.9641255605381165,KNN
16.086946487426758,0.9867420196533203,0.9259259259259259,0.9159090909090909,0.9318181818181818,0.9761904761904762,0.9772727272727273,0.9772727272727273,0.9534883720930233,0.9259259259259259,0.8858350951374208,0.9284316028502075,0.940366972477064,KNN
