fit_time,score_time,test_acc,test_b_acc,test_recall,test_precision,test_roc_auc_micro,test_roc_auc_macro,test_f1,test_f1_micro,test_f1_macro,test_f1_weighted,test_fbeta,model
23.902984619140625,0.7190485000610352,0.9454545454545454,0.9277777777777778,0.9555555555555556,0.9772727272727273,0.9755555555555556,0.9755555555555556,0.9662921348314608,0.9454545454545454,0.911717495987159,0.9464468116153512,0.9598214285714286,LogReg
23.447044372558594,0.7097980976104736,0.9454545454545454,0.85,1.0,0.9375,0.9955555555555556,0.9955555555555556,0.967741935483871,0.9454545454545454,0.8956356736242884,0.941521476625841,0.9868421052631579,LogReg
22.23632287979126,1.0033602714538574,0.9444444444444444,0.9272727272727272,0.9545454545454546,0.9767441860465116,0.9840909090909091,0.9840909090909091,0.9655172413793104,0.9444444444444444,0.9113300492610839,0.9454479109651525,0.9589041095890409,LogReg
