fit_time,score_time,test_acc,test_b_acc,test_recall,test_precision,test_roc_auc_micro,test_roc_auc_macro,test_f1,test_f1_micro,test_f1_macro,test_f1_weighted,test_fbeta,model
19.92624568939209,0.964637041091919,0.8909090909090909,0.7,1.0,0.8823529411764706,0.9755555555555555,0.9755555555555555,0.9375,0.8909090909090909,0.7544642857142858,0.8709415584415584,0.9740259740259741,MLP
19.637503385543823,0.8178951740264893,0.9454545454545454,0.85,1.0,0.9375,0.9888888888888888,0.9888888888888888,0.967741935483871,0.9454545454545454,0.8956356736242884,0.941521476625841,0.9868421052631579,MLP
12.744793176651001,1.1616013050079346,0.9629629629629629,0.9386363636363637,0.9772727272727273,0.9772727272727273,0.9795454545454546,0.9795454545454546,0.9772727272727273,0.9629629629629629,0.9386363636363637,0.9629629629629629,0.9772727272727273,MLP
