fit_time,score_time,test_acc,test_b_acc,test_recall,test_precision,test_roc_auc_micro,test_roc_auc_macro,test_f1,test_f1_micro,test_f1_macro,test_f1_weighted,test_fbeta,model
12.074265718460083,1.080580711364746,0.9454545454545454,0.9277777777777778,0.9555555555555556,0.9772727272727273,0.9688888888888889,0.9688888888888889,0.9662921348314608,0.9454545454545454,0.911717495987159,0.9464468116153512,0.9598214285714286,RandomForest
17.300042867660522,0.7039084434509277,0.9818181818181818,0.95,1.0,0.9782608695652174,0.9944444444444445,0.9944444444444445,0.989010989010989,0.9818181818181818,0.9681897050318103,0.9814396130185604,0.9955752212389382,RandomForest
15.339913129806519,1.0293803215026855,0.9444444444444444,0.8886363636363637,0.9772727272727273,0.9555555555555556,0.990909090909091,0.990909090909091,0.9662921348314608,0.9444444444444444,0.9041986989946778,0.9432945660030227,0.9728506787330318,RandomForest
